LidNr;Naam;Voornaam;Achternaam;Tussenvoegsel;Adres;Woonplaats;Postcode;Mobiel;Telefoon;BondsNr;Geslacht;GeboorteDatum;Leeftijd;Email1;Email2;LidType;LidBond;CompGerechtigd;LeeftijdCat;BetaalWijze;LidVanaf;Opgezegd;LidTot;PakketTot;Medisch;Ouder1_Naam;Ouder1_Email1;Ouder1_Email2;Ouder1_Mobiel;Ouder1_Telefoon;Ouder2_Naam;Ouder2_Email1;Ouder2_Email2;Ouder2_Mobiel;Ouder2_Telefoon
"5";"Biezen, Jan van de";"Jan";"Biezen";"van de";"Hermelijnweide 6";"NIEUWEGEIN";"3437TV";"";"030-6031981";"0854174";"M";"19340919";"80";"j.vandebiezen@ziggo.nl";"";"N";"J";"J";"SEN";"R";"19650101";"N";"";"";"";"";"";"";"";"";"";"";"";"";""
"208";"Patz, Eli";"Eli";"Patz";"";"Kameraarsweide 3";"NIEUWEGEIN";"3437CB";"";"030-6032256";"3723144";"M";"19341108";"80";"eliaspatz@casema.nl";"";"N";"J";"N";"SEN";"I";"20050201";"N";"";"";"";"";"";"";"";"";"";"";"";"";""
"13";"Fassotte, Wim";"Wim";"Fassotte";"";"Serenadelaan 4";"NIEUWEGEIN";"3438TC";"";"030-6039773";"2291314";"M";"19380124";"76";"wim.fassotte@hetnet.nl";"";"V";"J";"N";"SEN";"I";"19970101";"N";"";"";"";"";"";"";"";"";"";"";"";"";""
"157";"Nieuwkerk, Arie van";"Arie";"Nieuwkerk";"van";"Oortjesburg 84";"NIEUWEGEIN";"3437SX";"";"030-6040172";"2707640";"M";"19391228";"74";"avannieuwkerk@ziggo.nl";"";"N";"N";"N";"SEN";"R";"20020101";"N";"";"";"";"";"";"";"";"";"";"";"";"";""
"32";"Nonhof, Teun";"Teun";"Nonhof";"";"Bombardonlaan 21";"NIEUWEGEIN";"3438RN";"";"030-6046036";"2850972";"M";"19400531";"74";"";"";"N";"J";"N";"SEN";"R";"19930301";"N";"";"";"";"";"";"";"";"";"";"";"";"";""
"46";"Verkaik, Piet";"Piet";"Verkaik";"";"H. Kruijderlaan 68";"NIEUWEGEIN";"3431BR";"";"030-6031496";"0160240";"M";"19401014";"74";"pamaropet@ziggo.nl";"";"N";"J";"N";"SEN";"I";"19650101";"N";"";"";"";"";"";"";"";"";"";"";"";"";""
"45";"Veen, Frits van";"Frits";"Veen";"van";"Venkelgaarde 19";"NIEUWEGEIN";"3436KT";"";"030-6043757";"2439263";"M";"19460224";"68";"f.c.vanveen@planet.nl";"";"N";"J";"J";"SEN";"R";"19650101";"N";"";"";"";"";"";"";"";"";"";"";"";"";""
"321";"Grondhuis, Cor";"Cor";"Grondhuis";"";"Doctor Schaepmanstraat 35";"NIEUWEGEIN";"3438AW";"06-27054311";"030-6032635";"3078002";"M";"19460226";"68";"cor.grondhuis@casema.nl";"";"N";"J";"N";"SEN";"I";"20090818";"N";"";"";"";"";"";"";"";"";"";"";"";"";""
"1";"Alphen, Jan van";"Jan";"Alphen";"van";"Louis Couperushove 29";"NIEUWEGEIN";"3438HL";"06-55694238";"030-6036567";"2461600";"M";"19460608";"68";"alphen46@hotmail.com";"";"N";"J";"J";"SEN";"R";"19800101";"N";"";"";"";"";"";"";"";"";"";"";"";"";""
"2";"Band, Rein";"Rein";"Band";"";"Braamgaarde 33";"NIEUWEGEIN";"3436GM";"";"030-6039700";"2824971";"M";"19470421";"67";"";"";"N";"J";"N";"SEN";"R";"19910601";"N";"";"";"";"";"";"";"";"";"";"";"";"";""
"53";"Michies, Ton";"Ton";"Michies";"";"Rembrandthage 294";"NIEUWEGEIN";"3437PB";"";"030-6040457";"3197678";"M";"19491016";"65";"t.michies@ziggo.nl";"";"N";"J";"J";"SEN";"R";"19970901";"N";"";"";"";"";"";"";"";"";"";"";"";"";""
"159";"Alphen Hopman, Rita van";"Rita";"Alphen Hopman";"van";"Louis Couperushove 29";"NIEUWEGEIN";"3438HL";"";"030-6036567";"3471608";"V";"19510130";"63";"hoppie51@casema.nl";"";"V";"N";"N";"SEN";"R";"20020101";"N";"";"";"";"";"";"";"";"";"";"";"";"";""
"14";"Groenen, Rob";"Rob";"Groenen";"";"Judithsgaarde 3";"NIEUWEGEIN";"3436RG";"";"030-6035634";"1060744";"M";"19510622";"63";"rac.groenen@gmail.com";"";"N";"J";"J";"SEN";"I";"19780101";"N";"";"";"";"";"";"";"";"";"";"";"";"";""
"409";"Duijveman, Jan";"Jan";"Duijveman";"";"Dillegaarde 12";"NIEUWEGEIN";"3436HC";"";"030-6034746";"1494082";"M";"19521006";"62";"janduijveman@gmail.com";"";"Z";"N";"N";"SEN";"I";"20131022";"N";"";"";"Vanaf 2015 noteren als zwerflid";"";"";"";"";"";"";"";"";"";""
"232";"Lindenaar, Martin";"Martin";"Lindenaar";"";"Anne Franklaan 18";"BILTHOVEN";"3721PK";"06-23450115";"030-2286355";"2951613";"M";"19530514";"61";"martinlindenaar@kpnmail.nl";"";"N";"J";"N";"SEN";"I";"20091221";"N";"";"";"";"";"";"";"";"";"";"";"";"";""
"74";"Etten, Jan van";"Jan";"Etten";"van";"Pr. Dr. Hesselaan 39";"NIEUWEGEIN";"3431CE";"";"030-6000177";"3246281";"M";"19531018";"61";"jan.vanetten@live.nl";"";"N";"J";"J";"SEN";"R";"19980701";"N";"";"";"";"";"";"";"";"";"";"";"";"";""
"47";"Verkuijl, Rob";"Rob";"Verkuijl";"";"Aidalaan 27";"NIEUWEGEIN";"3438VB";"06-28974977";"030-6034313";"2707624";"M";"19531211";"60";"robverkuijl@planet.nl";"";"V";"N";"N";"SEN";"I";"20020901";"N";"";"";"Contributie vrij voor 2014 in verband met operatie.";"";"";"";"";"";"";"";"";"";""
"377";"Holtman, Eric";"Eric";"Holtman";"";"Bankstede 26";"NIEUWEGEIN";"3431HN";"06-36115168";"030-6037733";"3945283";"M";"19550325";"59";"holtmanpost_memo@hotmail.com";"";"N";"N";"N";"SEN";"I";"20120701";"N";"";"";"";"";"";"";"";"";"";"";"";"";""
"6";"Bleeker, Henk";"Henk";"Bleeker";"";"Graaf Dudosingel 8";"NIEUWEGEIN";"3434RA";"";"030-6064207";"1511355";"M";"19550911";"59";"henk@hbleeker.nl";"";"N";"N";"N";"SEN";"R";"19810101";"N";"";"";"";"";"";"";"";"";"";"";"";"";""
"373";"Gozems, Bert";"Bert";"Gozems";"";"Gerbrandypark 25";"NIEUWEGEIN";"3437JW";"-";"030-6063414";"4039572";"M";"19560618";"58";"gozems79@ziggo.nl";"";"N";"J";"J";"SEN";"I";"20120708";"N";"";"";"";"";"";"";"";"";"";"";"";"";""
"33";"Oosthoek, Ruud";"Ruud";"Oosthoek";"";"Bodenheimlaan 2";"NIEUWEGEIN";"3431RB";"";"030-6039398";"2618184";"M";"19561203";"57";"ruud.oosthoek@hotmail.com";"";"N";"J";"J";"SEN";"I";"19900901";"N";"";"";"";"";"";"";"";"";"";"";"";"";""
"400";"Pijl, Richard";"Richard";"Pijl";"";"Lemmingweide 1";"NIEUWEGEIN";"3437TS";"";"06-27025529";"";"M";"19580206";"56";"halter@online.nl";"";"N";"N";"N";"SEN";"I";"20130127";"N";"";"";"";"";"";"";"";"";"";"";"";"";""
"111";"Bednarczyk, Marek";"Marek";"Bednarczyk";"";"Orpheuslaan 46";"NIEUWEGEIN";"3438VW";"";"030-6055889";"3366887";"M";"19600419";"54";"marek.bednarczyk@hotmail.com";"";"N";"J";"N";"SEN";"I";"20000301";"N";"";"";"";"";"";"";"";"";"";"";"";"";""
"256";"Bosboom, Joris";"Joris";"Bosboom";"";"Hemelvuur 43";"DE MEERN";"3454SP";"06-13239794";"030-6666329";"2950463";"M";"19610927";"53";"joris.bosboom@xs4all.nl";"";"N";"J";"J";"SEN";"I";"20070527";"N";"";"";"";"";"";"";"";"";"";"";"";"";""
"324";"Nieuwendijk, Erwin";"Erwin";"Nieuwendijk";"";"Moerashoeve 11";"NIEUWEGEIN";"3438LE";"06-16887649";"";"3989554";"M";"19621104";"52";"nieuwendijkenator@gmail.com";"";"N";"J";"J";"SEN";"I";"20091002";"N";"";"";"";"";"";"";"";"";"";"";"";"";""
"43";"Tuyl, John van";"John";"Tuyl";"van";"Oosterhoffpark 4";"LOPIK";"3411ZL";"06-54933499";"0348-554882";"2707616";"M";"19630622";"51";"john@electronicprintcenter.nl";"";"V";"N";"N";"SEN";"R";"19920101";"N";"";"";"";"";"";"";"";"";"";"";"";"";""
"23";"Kielen, Wim";"Wim";"Kielen";"";"Rembrandthage 420";"NIEUWEGEIN";"3437PC";"06-52676140";"030-6013611";"3198048";"M";"19660317";"48";"wim@kielen.nl";"";"N";"J";"J";"SEN";"I";"19970301";"N";"";"";"";"";"";"";"";"";"";"";"";"";""
"422";"Snijders, Chris";"Chris";"Snijders";"";"Mozartlaan 26";"UTRECHT";"3533GB";"06-31003484";"030-2886108";"4110807";"M";"19670704";"47";"c.c.p.snijders@gmail.com";"";"N";"J";"J";"SEN";"I";"20140901";"N";"";"";"";"";"";"";"";"";"";"";"";"";""
"194";"Hendriks, Danny";"Danny";"Hendriks";"";"Zwaardenburg 1";"NIEUWEGEIN";"3437RH";"";"030-6030000";"2880969";"M";"19690331";"45";"danmir.henheu@planet.nl";"";"N";"J";"J";"SEN";"I";"20040117";"N";"";"";"";"";"";"";"";"";"";"";"";"";""
"414";"Heijstek, Ed";"Ed";"Heijstek";"";"Merkelbachlaan 7";"IJSSELSTEIN";"3404EX";"06-12633590";"030-6872972";"";"M";"19690531";"45";"edheijstek@kpnmail.nl";"";"N";"N";"N";"SEN";"I";"20131220";"J";"20141231";"";"";"";"";"";"";"";"";"";"";"";""
"220";"Jansen, John";"John";"Jansen";"";"Schaepmanstraat 14";"BENSCHOP";"3404HT";"06-42310234";"";"3078175";"M";"19740729";"40";"jjansen@besix.com";"";"N";"J";"J";"SEN";"I";"20050823";"N";"";"";"";"";"";"";"";"";"";"";"";"";""
"389";"Bodenstaff, Frank";"Frank";"Bodenstaff";"";"De Milan Viscontilaan 25";"DE MEERN";"3453RM";"";"06-51179066";"3901328";"M";"19760616";"38";"cenf.bodenstaff@kpnplanet.nl";"";"N";"J";"J";"SEN";"I";"20121101";"N";"";"";"";"";"";"";"";"";"";"";"";"";""
"219";"Jansen, Jan Willem";"Jan Willem";"Jansen";"";"Aart van der Leeuwlaan 33";"DE MEERN";"3454LB";"";"06-42310234";"3050737";"M";"19761218";"37";"jwjansen@mch.nl";"";"N";"J";"J";"SEN";"I";"20050823";"N";"";"";"";"";"";"";"";"";"";"";"";"";""
"419";"Goessen, Joeri";"Joeri";"Goessen";"";"Willem Walravenhove 40";"NIEUWEGEIN";"3437ZK";"06-14640001";"";"2805202";"M";"19761219";"37";"aiveejoh@ziggo.nl";"jgoessen@gmail.com";"N";"J";"J";"SEN";"I";"20140701";"N";"";"";"";"";"";"";"";"";"";"";"";"";""
"17";"Heidema, Martijn";"Martijn";"Heidema";"";"Jule Stijnstraat 96";"UTRECHT";"3543DS";"";"030-6886040";"3541356";"M";"19771017";"37";"tafeltennis@malin.nl";"";"Z";"J";"N";"SEN";"I";"20040521";"N";"";"";"";"";"";"";"";"";"";"";"";"";""
"369";"Spengen, John van";"John";"Spengen";"van";"Valeriaan 53";"IJSSELSTEIN UT";"3401LC";"";"06-26178605";"3566699";"M";"19780801";"36";"johnvanspengen@hotmail.com";"";"Z";"N";"N";"SEN";"I";"20120124";"N";"";"";"";"";"";"";"";"";"";"";"";"";""
"231";"Wouterse, Alan";"Alan";"Wouterse";"";"Wenckebachplantsoen 161";"NIEUWEGEIN";"3431TD";"";"030-6033029";"3774080";"M";"19781229";"35";"a.wouterse@casema.nl";"";"N";"J";"N";"SEN";"I";"20060615";"N";"";"";"";"";"";"";"";"";"";"";"";"";""
"390";"Mansi, Marco";"Marco";"Mansi";"";"Derde Westerparklaan 335";"UTRECHT";"3544NH";"";"06-29210755";"3861853";"M";"19800728";"34";"marco@mansi.nl";"";"N";"J";"J";"SEN";"I";"20121025";"N";"";"";"";"";"";"";"";"";"";"";"";"";""
"357";"Warringa, Robin";"Robin";"Warringa";"";"Graaf Leopoldlaan 13";"NIEUWEGEIN";"3434SH";"06-21197361";"030-8795595";"3997743";"M";"19820828";"32";"robin@vanlochem.nl";"robinwarringa@hotmail.com";"N";"J";"J";"SEN";"I";"20110830";"N";"";"";"";"";"";"";"";"";"";"";"";"";""
"423";"Franken, Mark";"Mark";"Franken";"";"De Vlouw 4";"Delft";"2611EX";"06-24436862";"";"";"M";"19830111";"31";"markfranken@hotmail.com";"";"N";"N";"N";"SEN";"I";"20140928";"N";"";"";"Vanaf 1 jan 2014 in buitenland. Dan geen contributiie";"";"";"";"";"";"";"";"";"";""
"10";"Dubbers, Sandra";"Sandra";"Dubbers";"";"Herenstraat 77";"NIEUWEGEIN";"3431CA";"";"030-6031398";"3076953";"V";"19830207";"31";"sandra_dubbers@live.nl";"";"N";"J";"J";"SEN";"I";"19940401";"N";"";"";"";"";"";"";"";"";"";"";"";"";""
"54";"Hoogendijk, Daam";"Daam";"Hoogendijk";"";"Hermelijnweide 9";"NIEUWEGEIN";"3437TV";"";"030-6048091";"3197741";"M";"19841115";"29";"daam@insension.com";"";"N";"J";"J";"SEN";"I";"19970801";"N";"";"";"";"";"";"";"";"";"";"";"";"";""
"305";"Esterik, Darrel van";"Darrel";"Esterik";"van";"Lavendelhof 14";"NIEUWEGEIN";"3434XS";"06-29439954";"030-6066283";"3905885";"M";"19850904";"29";"dvestk85@live.nl";"";"N";"J";"J";"SEN";"I";"20090209";"N";"";"";"";"";"";"";"";"";"";"";"";"";""
"108";"Grimmelikhuijzen, Daniël";"Daniël";"Grimmelikhuijzen";"";"Wielewaal 34";"NIEUWEGEIN";"3435AR";"";"030-6049620";"3366706";"M";"19861018";"28";"danielgjg@hotmail.com";"";"N";"J";"J";"SEN";"I";"19991201";"N";"";"";"";"";"";"";"";"";"";"";"";"";""
"115";"Witteman, Alex";"Alex";"Witteman";"";"Anne de Vrieshove 40";"NIEUWEGEIN";"3437ZB";"";"030-6040328";"3383017";"M";"19880115";"26";"alexwitteman162@hotmail.com";"";"N";"J";"J";"SEN";"I";"19990301";"N";"";"";"";"";"";"";"";"";"";"";"";"";""
"60";"Blanken, Bart den";"Bart";"Blanken";"den";"Mennersweide 24";"NIEUWEGEIN";"3437DR";"";"030-6035118";"3291804";"M";"19880320";"26";"b.denblanken@gmail.com";"";"N";"J";"J";"SEN";"I";"19980201";"N";"";"";"";"";"";"";"";"";"";"";"";"";""
"356";"Alblas, Martijn";"Martijn";"Alblas";"";"Gerbrandypark 7";"NIEUWEGEIN";"3437JW";"06-23634489";"030-2682032";"3997735";"M";"19880412";"26";"martijnalblas@live.nl";"";"N";"J";"N";"SEN";"I";"20110830";"N";"";"";"";"";"";"";"";"";"";"";"";"";""
"410";"Nas, Alex de";"Alex";"Nas";"de";"Middelmonde 67";"NIEUWEGEIN";"3434KT";"06-45822591";"030-6066349";"3134303";"M";"19880522";"26";"alex_denas@hotmail.com";"";"N";"J";"N";"SEN";"I";"20140101";"N";"";"";"";"";"";"";"";"";"";"";"";"";""
"408";"Benschop, Maarten";"Maarten";"Benschop";"";"Hofdijk 33";"Montfoort";"3417XE";"06-29352123";"0348-474187";"3198179";"M";"19890312";"25";"maarten_benschop119@hotmail.com";"";"Z";"N";"N";"SEN";"I";"20131011";"N";"";"";"";"";"";"";"";"";"";"";"";"";""
"407";"Tuls, Jan";"Jan";"Tuls";"";"Hofdijk 20";"Montfoort";"3417XE";"06-14202773";"0348-470363";"3540279";"M";"19890924";"25";"j.tuls@planet.nl";"";"Z";"N";"N";"SEN";"I";"20131011";"N";"";"";"";"";"";"";"";"";"";"";"";"";""
"266";"Doorn, Sanne van";"Sanne";"Doorn";"van";"Ringfazant 75";"NIEUWEGEIN";"3435SG";"06-44022425";"";"3829128";"M";"19891020";"25";"sanne_tweety@hotmail.com";"";"N";"J";"J";"SEN";"I";"20070921";"N";"";"";"";"";"";"";"";"";"";"";"";"";""
"140";"Oostveen, Paul";"Paul";"Oostveen";"";"Ossewagendrift 13";"NIEUWEGEIN";"3436AE";"06-36126101";"030-6040992";"3452400";"M";"19891122";"24";"paul_oostveen@hotmail.com";"";"N";"J";"J";"SEN";"I";"20010401";"N";"";"";"";"";"";"";"";"";"";"";"";"";""
"166";"Marijn, Peter";"Peter";"Marijn";"";"Prof. Dr. Bakkerlaan 12";"NIEUWEGEIN";"3431EK";"";"030-6032384";"3512349";"M";"19900629";"24";"peter_marijn@hotmail.com";"";"Z";"J";"N";"SEN";"I";"20020101";"N";"";"";"";"";"";"";"";"";"";"";"";"";""
"179";"Rutten, Jaap";"Jaap";"Rutten";"";"Martinusgaarde 18";"NIEUWEGEIN";"3436RE";"";"030-6053837";"3574341";"M";"19910823";"23";"jaaprutten@planet.nl";"";"N";"J";"N";"SEN";"I";"20020901";"N";"";"";"";"";"";"";"";"";"";"";"";"";""
"290";"Loon, Mariska van";"Mariska";"Loon";"van";"Gravin Catharinalaan 46";"NIEUWEGEIN";"3434DE";"06-40634595";"030-6061986";"3598206";"V";"19921108";"22";"gwn_marisz@hotmail.com";"";"N";"J";"N";"SEN";"I";"20080829";"N";"";"";"";"";"";"";"";"";"";"";"";"";""
"257";"Haas, Rens de";"Rens";"Haas";"de";"Looplantsoen 104";"UTRECHT";"3523GW";"";"030-2894980";"3739195";"M";"19930625";"21";"rensdehaas@telfort.nl";"";"N";"J";"J";"SEN";"I";"20070527";"N";"";"";"";"";"";"";"";"";"";"";"";"";""
"326";"Beek, Cody van";"Cody";"Beek";"van";"Herman Teirlinckhove 13";"NIEUWEGEIN";"3437BL";"06-37466289";"030-6050765";"3975199";"M";"19941013";"20";"beekie94@hotmail.com";"";"N";"J";"J";"SEN";"I";"20091002";"N";"";"";"";"";"";"";"";"";"";"";"";"";""
"173";"Bednarczyk, Ewa";"Ewa";"Bednarczyk";"";"Orpheuslaan 46";"NIEUWEGEIN";"3438VW";"";"030-6055889";"3597917";"M";"19950718";"19";"pixiepetje@hotmail.com";"";"N";"J";"N";"SEN";"I";"20020501";"N";"";"";"";"";"";"";"";"";"";"";"";"";""
"247";"Jekel, Deborah";"Deborah";"Jekel";"";"Diligencedrift 15";"NIEUWEGEIN";"3436AW";"";"030-2802578";"3815137";"V";"19951205";"18";"gewoon-deborah@hotmail.com";"";"N";"J";"J";"SEN";"I";"20070101";"N";"";"";"";"";"";"";"";"";"";"";"";"";""
"294";"Waal, Martijn de";"Martijn";"Waal";"de";"Melissegaarde 29";"NIEUWEGEIN";"3436HZ";"06-40874986";"030-6977411";"3882972";"M";"19960518";"18";"mrjdewaal@hotmail.com";"";"N";"J";"J";"SEN 1";"I";"20080928";"N";"";"";"Naam moeder: Wensing";"";"rtmwensing@hotmail.com";"";"";"";"";"";"";"";""
"270";"Seldenrijk, Rob";"Rob";"Seldenrijk";"";"Multatulistraat 73";"VLEUTEN";"3415AR";"06-41694038";"030-6772223";"3620833";"M";"19960527";"18";"robseldenrijk@hotmail.com";"";"N";"J";"J";"SEN 1";"I";"20071204";"N";"";"";"";"";"ruthenmarjo@casema.nl";"";"";"";"";"";"";"";""
"333";"Delissen, Oscar";"Oscar";"Delissen";"";"Merwedeplantsoen 53";"UTRECHT";"3522JZ";"06-18157749";"030-2888832";"3829500";"M";"19970207";"17";"delissenwijten@zonnet.nl";"";"N";"J";"J";"JUN 3";"I";"20091221";"N";"";"";"";"";"";"";"";"";"";"";"";"";""
"402";"Drijfhout, Coen";"Coen";"Drijfhout";"";"Melvill van Cainbeelaan 9";"DRIEBERGEN RIJSENB";"3971BA";"";"0343-755408";"3991145";"M";"19971023";"17";"cdrijfhout@detinne.nl";"";"N";"J";"J";"JUN 3";"I";"20130720";"N";"";"";"ADHD/PDD NOS";"";"h.drijfhout@asuadvies.nl";"";"";"";"";"";"";"";""
"405";"Zelderen, Sharon van";"Sharon";"Zelderen";"van";"Lopikerweg Oost 100A";"Lopik";"3411LW";"06-23876385";"0348-551990";"3755002";"V";"19980227";"16";"sharonvanzelderen@hotmail.com";"";"N";"J";"J";"JUN 2";"I";"20130916";"N";"";"";"";"";"famvzelderen@hetnet.nl";"";"";"";"";"";"";"";""
"424";"Brion, Hendrik";"Hendrik";"Brion";"";"Vosseweide 83";"NIEUWEGEIN";"3437TC";"06-42924801";"030-8895876";"4009894";"M";"19980820";"16";"hendrik98@hotmail.nl";"";"N";"J";"J";"JUN 2";"U";"20140928";"N";"";"";"";"M. Brion";"maritza_brion50@hotmail.com";"";"";"";"";"";"";"";""
"383";"Clement, Ernstjan";"Ernstjan";"Clement";"";"Kruijderlaan 154";"NIEUWEGEIN";"3431BT";"06-41148544";"030-6046353";"4047452";"M";"19981008";"16";"a.clement45@ziggo.nl";"";"N";"J";"J";"JUN 2";"I";"20120920";"N";"";"";"";"";"";"";"";"";"";"";"";"";""
"374";"Fokkenrood, Mitch";"Mitch";"Fokkenrood";"";"Kasteeldrift 29";"NIEUWEGEIN";"3436TL";"06-13714287";"";"4042088";"M";"19981110";"16";"mitchfcutrechtjsv@live.nl";"";"N";"J";"J";"JUN 2";"I";"20120708";"N";"";"";"";"";"marinatemming@hotmail.com";"";"06-24299425";"";"";"";"";"";""
"360";"Mohamed Kamel, Semmi";"Semmi";"Mohamed Kamel";"";"Televisiebaan 71";"IJSSELSTEIN UT";"3402VB";"06-59191442";"";"4016817";"M";"19990222";"15";"";"";"N";"J";"J";"JUN 1";"U";"20110922";"N";"";"";"";"Gitte";"gitteaboulaila@hotmail.com";"";"06-37091878";"";"";"";"";"";""
"376";"Peper, Douwe";"Douwe";"Peper";"";"Nassaulaan 3 a";"DOORN";"3941EC";"06-42438778";"0343-416890";"4002428";"M";"20000226";"14";"";"";"N";"J";"J";"CAD 2";"I";"20120708";"N";"";"";"";"";"m.dehont@planet.nl";"";"";"";"";"";"";"";""
"254";"Nieuwendijk, Patrick";"Patrick";"Nieuwendijk";"";"Rembrandthage 61";"NIEUWEGEIN";"3438JJ";"";"030-6090871";"3835925";"M";"20000303";"14";"nieuwendijkenator@gmail.com";"patrick.nieuwendijk.58@facebook.com";"N";"J";"J";"CAD 2";"I";"20070409";"N";"";"";"";"";"lucy.nieuwendijk@gmail.com";"";"";"";"";"";"";"";""
"354";"Schinkel, Hidde";"Hidde";"Schinkel";"";"Mandenmaker 42";"IJSSELSTEIN UT";"3401TG";"06-13053807";"030-6872442";"3997426";"M";"20000420";"14";"hans.schinkel@tiscali.nl";"";"N";"J";"J";"CAD 2";"I";"20110425";"N";"";"";"";"";"";"";"";"";"";"";"";"";""
"420";"Wierst, Milo van";"Milo";"Wierst";"van";"Hans Andreusstraat 35";"Almere";"1321SK";"06-47115221";"036-5242052";"3961297";"M";"20000714";"14";"milovanwierst@gmail.com";"";"Z";"J";"J";"CAD 2";"I";"20140526";"N";"";"";"";"";"alettekramer@gmail.com";"theovanwierst@gmail.com";"";"";"";"";"";"";""
"413";"Papenhuijzen, Bas";"Bas";"Papenhuijzen";"";"Meindert Hobbemelaan 17";"IJSSELSTEIN";"3401NA";"06-51188120";"030-6880021";"4095099";"M";"20000722";"14";"";"";"N";"J";"J";"CAD 2";"I";"20131208";"N";"";"";"";"";"papenhuijzen@significant.nl";"";"";"";"";"";"";"";""
"396";"Hengst, Ruben";"Ruben";"Hengst";"";"Nedereindseweg 219";"NIEUWEGEIN";"3438AC";"06-12912492";"030-6033403";"4062800";"M";"20000825";"14";"rubenhengst@gmail.com";"";"N";"J";"N";"CAD 2";"I";"20121220";"N";"";"";"4062800";"";"";"";"";"";"";"";"";"";""
"307";"Kader, Gino";"Gino";"Kader";"";"P.W. Alexanderdijk 75";"IJSSELSTEIN UT";"3402PK";"06-45306056";"030-2900748";"3926352";"M";"20001023";"14";"";"";"N";"J";"J";"CAD 2";"I";"20090303";"N";"";"";"06-41767376";"";"kader2@kabelfoon.nl";"";"";"";"";"";"";"";""
"403";"Kruijf, Tommy de";"Tommy";"Kruijf";"de";"Kamperveste 46";"Nieuwegein";"3432BD";"06-28637181";"";"4038788";"M";"20010508";"13";"";"";"N";"J";"N";"CAD 1";"U";"20130812";"N";"";"";"";"Jolande";"jolandedekruijf@gmail.com";"";"";"";"";"";"";"";""
"375";"Wannet, Jasper";"Jasper";"Wannet";"";"Batiewseweg 35";"LOPIKERKAPEL";"3412KX";"06-43261291";"0348-553551";"4035277";"M";"20010826";"13";"j.j.wannet@kpnmail.nl";"";"N";"J";"J";"CAD 1";"I";"20120708";"N";"";"";"";"";"m.wannet@growconsult.nl";"";"";"";"";"";"";"";""
"347";"Waal, Renske de";"Renske";"Waal";"de";"Melissegaarde 29";"NIEUWEGEIN";"3436HZ";"06-40874986";"030-6977411";"4077025";"V";"20011229";"12";"";"";"N";"J";"J";"CAD 1";"I";"20101012";"N";"";"";"";"";"rtmwensing@hotmail.com";"";"";"";"";"";"";"";""
"394";"Brenninkmeyer, Timo";"Timo";"Brenninkmeyer";"";"Kafmolenweide 3";"NIEUWEGEIN";"3437XS";"06-30726438";"030-7558557";"";"M";"20011230";"12";"timobrenn@hotmail.com";"";"N";"N";"N";"CAD 1";"I";"19000101";"N";"";"";"Migraine";"";"karinasertons@hotmail.com";"";"";"";"";"";"";"";""
"372";"Cramer, Lex";"Lex";"Cramer";"";"Malrovegaarde 6";"NIEUWEGEIN";"3436JK";"06-20606037";"06-20606037";"4058534";"M";"20020617";"12";"";"";"N";"J";"J";"PUP 2";"I";"20120301";"N";"";"";"";"";"g.cramer@rn.rabobank.nl";"";"";"";"";"";"";"";""
"386";"Uyleman, Bruce";"Bruce";"Uyleman";"";"Tilburgdrift 8";"NIEUWEGEIN";"3436AT";"06-50295037";"030-6039519";"4070374";"M";"20021002";"12";"";"";"N";"J";"J";"PUP 2";"I";"20121018";"N";"";"";"";"";"paulenvera@gmail.com";"";"";"";"";"";"";"";""
"359";"Strookman, Robin";"Robin";"Strookman";"";"Johannes Vermeerhage 27";"NIEUWEGEIN";"3437NM";"";"06-48543939";"4025531";"M";"20030618";"11";"robinstrookman@hotmail.com";"";"N";"J";"J";"PUP 1";"I";"20110921";"N";"";"";"";"";"jacco@strookmanadvies.nl";"";"";"";"";"";"";"";""
"393";"Bree, Jurre de";"Jurre";"Bree";"de";"Pieter Aerstenhage 108";"NIEUWEGEIN";"3437NW";"06-20031691";"030-6046484";"4055366";"M";"20040609";"10";"jurre@debree.eu";"";"N";"J";"J";"WLP 2";"I";"20121114";"N";"";"";"";"Lonneke";"fam@debree.eu";"";"";"";"";"";"";"";""
"418";"Otterlo, Jason van";"Jason";"Otterlo";"van";"Hogerhoeve 33";"NIEUWEGEIN";"3438LJ";"";"030-2946941";"";"M";"20041004";"10";"anne.van.otterlo@gmail.com";"";"N";"N";"N";"WLP 2";"I";"20140416";"N";"";"";"";"Anne van Otterlo";"andrea.huck@gmail.com";"";"06-12994804";"";"";"";"";"";""
"425";"Lamers, Juul";"Juul";"Lamers";"";"Kerkuil 6";"NIEUWEGEIN";"3435GL";"06-25038727";"";"";"V";"20041011";"10";"";"";"N";"N";"N";"WLP 2";"I";"20141010";"N";"";"";"";"";"tbslamers@gmail.com";"";"";"";"";"";"";"";""
"412";"Vink, Amber";"Amber";"Vink";"";"Thorbeckepark 28";"NIEUWEGEIN";"3438WC";"06-41209778";"";"";"V";"20050806";"9";"";"";"N";"N";"N";"WLP 1";"I";"20140901";"N";"";"";"";"";"mirvana2@hotmail.com";"";"";"";"";"";"";"";""
"411";"Klein Gunnewiek, Sven";"Sven";"Klein Gunnewiek";"";"Anne de Vrieshove 11";"NIEUWEGEIN";"3437ZA";"06-40564564";"030-2674904";"";"M";"20050811";"9";"";"";"N";"N";"N";"WLP 1";"I";"20131110";"N";"";"";"";"";"kgvi@casema.nl";"";"06-40564564";"";"";"";"";"";""
"421";"Kruyswijk, Estia";"Estia";"Kruyswijk";"";"Agnesgaarde 4";"NIEUWEGEIN";"3436RJ";"";"030-6038750";"";"V";"20060429";"8";"";"";"N";"N";"N";"WLP 0";"I";"20140702";"N";"";"";"";"Bas";"bas.kruyswijk1@gmail.com";"";"";"";"";"";"";"";""
"417";"Zhou, Joy";"Joy";"Zhou";"";"Batenborch 13";"VIANEN";"4132HS";"";"0347-778411";"";"V";"20060817";"8";"";"";"N";"N";"N";"WLP 0";"I";"20140131";"N";"";"";"";"";"lemaitremb@gmail.com";"";"06-14704762";"";"";"";"";"";""
"406";"Overbeek, Finn";"Finn";"Overbeek";"";"Stijn Streuvelshove 53";"NIEUWEGEIN";"3437BC";"06-27474928";"030-6054808";"";"M";"20061011";"8";"";"";"N";"N";"N";"WLP 0";"I";"20130929";"N";"";"";"";"Kim Hendriks";"kim.hendriks@casema.nl";"";"";"";"";"";"";"";""
"426";"Eijpe, Pim";"Pim";"Eijpe";"";"Reigersbek 45";"NIEUWEGEIN";"3434XG";"06-41370090";"030-8791677";"";"M";"20070505";"7";"";"";"N";"N";"N";"WLP -1";"I";"20141010";"N";"";"";"";"";"jaspereijpe@gmail.com";"";"06-41370090";"";"";"";"";"";""
